uniprot_id	nonstereo_aromatic_smiles	label
P0DMS8	C#CCn1c(=O)[nH]c2[nH]cnc2c1=O	active
P0DMS8	C=CCn1cc2c(nc(NC(=O)Nc3ccc(OC)cc3)n3nc(-c4ccco4)nc23)n1	active
P0DMS8	CC(=O)NCCNc1nc(-c2ccccc2)nc2[nH]c(C(=O)N3CCN(CCCc4ccccc4)CC3)cc12	active
P0DMS8	CC(C)(C)NC(=O)Nc1nc2nn(CCCc3ccccc3)cc2c2nc(-c3ccco3)nn12	active
P0DMS8	CC(C)(C)NC(=O)Nc1nc2nn(CCc3ccccc3)cc2c2nc(-c3ccco3)nn12	active
P0DMS8	CC(C)(C)NS(=O)(=O)c1ccc(-c2sc(C(=O)NC3CC(C(=O)O)C3)nc2CC2CCCCC2)c2ccccc12	active
P0DMS8	CC(C)(C)OC(=O)NCCCC(=O)Nc1nc2nn(CCc3ccccc3)cc2c2nc(-c3ccco3)nn12	active
P0DMS8	CC(C)(C)c1cc(CCNc2ncnc3c2ncn3C2OC(CO)C(O)C2O)cc(C(C)(C)C)c1O	active
P0DMS8	CC(C)(C)n1cc2c(nc(N)n3nc(-c4ccco4)nc23)n1	active
P0DMS8	CC(C)(C)n1cc2c(nc(NC(=O)Nc3cccc(Cl)c3)n3nc(-c4ccco4)nc23)n1	active
P0DMS8	CC(C)=CCn1cc2c(nc(N)n3nc(-c4ccco4)nc23)n1	active
P0DMS8	CC(C)=CCn1cc2c(nc(NC(=O)Nc3cccc(Cl)c3)n3nc(-c4ccco4)nc23)n1	active
P0DMS8	CC(C)CCn1cc2c(nc(N)n3nc(-c4ccco4)nc23)n1	active
P0DMS8	CC(C)CCn1cc2c(nc(NC(=O)CCCN)n3nc(-c4ccco4)nc23)n1	active
P0DMS8	CC(C)CCn1cc2c(nc(NC(=O)CCCNC(=O)OC(C)(C)C)n3nc(-c4ccco4)nc23)n1	active
P0DMS8	CC(C)CCn1cc2c(nc(NC(=O)NC(C)(C)C)n3nc(-c4ccco4)nc23)n1	active
P0DMS8	CC(C)CCn1cc2c(nc(NC(=O)NC(C)C)n3nc(-c4ccco4)nc23)n1	active
P0DMS8	CC(C)CCn1cc2c(nc(NC(=O)NC3CCCCC3)n3nc(-c4ccco4)nc23)n1	active
P0DMS8	CC(C)CCn1cc2c(nc(NC(=O)Nc3cccc(Cl)c3)n3nc(-c4ccco4)nc23)n1	active
P0DMS8	CC(C)NC(=O)Nc1nc2nn(CCCc3ccccc3)cc2c2nc(-c3ccco3)nn12	active
P0DMS8	CC(C)NC(=O)Nc1nc2nn(CCc3ccccc3)cc2c2nc(-c3ccco3)nn12	active
P0DMS8	CC(C)c1nc(-c2nccs2)c2sccc2n1	active
P0DMS8	CC(Cc1ccccc1)Nc1ncnc2c1ncn2C1OC(CO)C(O)C1O	active
P0DMS8	CC(Oc1ccc(-c2cc3c([nH]2)c(=O)n(C)c(=O)n3C)cc1)C(=O)Nc1ccccc1	active
P0DMS8	CC1(C)NC(C)(C)c2cc(NC3NC=Nc4c3ncn4C3OC(CO)C(O)C3O)ccc21	active
P0DMS8	CC1Cc2c([nH]c3cc(Cl)c(F)cc23)C2(N1)C(=O)Nc1ccc(Cl)cc12	active
P0DMS8	CCC(CO)Nc1nc(-c2ccc(Cl)cc2)nc2c1c(C)c(C)n2C(C)c1ccccc1	active
P0DMS8	CCC(CO)Nc1nc(-c2ccccc2)nc2c1c(C)c(C)n2C1CCCC1	active
P0DMS8	CCC1CN2C(=O)N(C)c3nc(-c4ccccc4)[nH]c3C2=N1	active
P0DMS8	CCCC1=NC(c2ccccc2)=C(C(=O)OCC)C(CC)C1=C(O)SCC	active
P0DMS8	CCCC1C(=C(O)SCC)C(C)=NC(c2ccccc2)=C1C(=O)OCC	active
P0DMS8	CCCCCCCCn1cc2c(nc(N)n3nc(-c4ccco4)nc23)n1	active
P0DMS8	CCCCCCCCn1cc2c(nc(NC(=O)NC3CCCCC3)n3nc(-c4ccco4)nc23)n1	active
P0DMS8	CCCCCCCCn1cc2c(nc(NC(=O)NCCCCC)n3nc(-c4ccco4)nc23)n1	active
P0DMS8	CCCCCCCCn1cc2c(nc(NC(=O)Nc3ccc(C)cc3)n3nc(-c4ccco4)nc23)n1	active
P0DMS8	CCCCCNC(=O)Nc1nc2nn(C)cc2c2nc(-c3ccco3)nn12	active
P0DMS8	CCCCCNC(=O)Nc1nc2nn(CC3CCCCC3)cc2c2nc(-c3ccco3)nn12	active
P0DMS8	CCCCCNC(=O)Nc1nc2nn(CCC(C)C)cc2c2nc(-c3ccco3)nn12	active
P0DMS8	CCCCn1c(=O)[nH]c2[nH]c(-c3ccc(OCC(=O)Nc4ccc(CC(=O)O)cc4)cc3)nc2c1=O	active
P0DMS8	CCCCn1c(=O)[nH]c2[nH]cnc2c1=O	active
P0DMS8	CCCCn1c(=O)c2nc(C34CC5CC(CC3C5)C4)[nH]c2n(CCCC)c1=O	active
P0DMS8	CCCCn1cc2c(nc(N)n3nc(-c4ccco4)nc23)n1	active
P0DMS8	CCCCn1cc2c(nc(NC(=O)Cc3ccccc3)n3nc(-c4ccco4)nc23)n1	active
P0DMS8	CCCCn1cc2c(nc(NC(=O)Nc3ccc(Br)cc3)n3nc(-c4ccco4)nc23)n1	active
P0DMS8	CCCCn1cc2c(nc(NC(=O)Nc3ccc(C(F)(F)F)cc3)n3nc(-c4ccco4)nc23)n1	active
P0DMS8	CCCCn1cc2c(nc(NC(=O)Nc3ccc(C)cc3)n3nc(-c4ccco4)nc23)n1	active
P0DMS8	CCCCn1cc2c(nc(NC(=O)Nc3ccc(Cl)c(Cl)c3)n3nc(-c4ccco4)nc23)n1	active
P0DMS8	CCCCn1cc2c(nc(NC(=O)Nc3ccc(Cl)cc3)n3nc(-c4ccco4)nc23)n1	active
P0DMS8	CCCCn1cc2c(nc(NC(=O)Nc3ccc(F)cc3)n3nc(-c4ccco4)nc23)n1	active
P0DMS8	CCCCn1cc2c(nc(NC(=O)Nc3ccc(OC)cc3)n3nc(-c4ccco4)nc23)n1	active
P0DMS8	CCCCn1cc2c(nc(NC(=O)Nc3ccc([N+](=O)[O-])cc3)n3nc(-c4ccco4)nc23)n1	active
P0DMS8	CCCCn1cc2c(nc(NC(=O)Nc3ccc4c(c3)OCO4)n3nc(-c4ccco4)nc23)n1	active
P0DMS8	CCCCn1cc2c(nc(NC(=O)Nc3cccc(Cl)c3)n3nc(-c4ccco4)nc23)n1	active
P0DMS8	CCCCn1cc2c(nc(NC(=O)Nc3cccc(OC)c3)n3nc(-c4ccco4)nc23)n1	active
P0DMS8	CCCCn1cc2c(nc(NC(=O)Nc3ccccc3)n3nc(-c4ccco4)nc23)n1	active
P0DMS8	CCCCn1cc2c(nc(NC(=O)Nc3ccccc3Cl)n3nc(-c4ccco4)nc23)n1	active
P0DMS8	CCCCn1cc2c(nc(NC(=O)Nc3ccccc3OC)n3nc(-c4ccco4)nc23)n1	active
P0DMS8	CCCNC(=O)C1OC(n2cnc3c(N)ncnc32)C(O)C1O	active
P0DMS8	CCCn1c(=O)[nH]c2[nH]cnc2c1=O	active
P0DMS8	CCCn1c(=O)c2[nH]c(-c3ccc(OCC(=O)NCCN)cc3)nc2n(CCC)c1=O	active
P0DMS8	CCCn1c(=O)c2[nH]c(-c3ccc(OCC(=O)NCCO)cc3)cc2n(C)c1=O	active
P0DMS8	CCCn1c(=O)c2[nH]c(-c3ccc(OCC(=O)Nc4ccc(C#N)cc4)cc3)nc2n(CCC)c1=O	active
P0DMS8	CCCn1c(=O)c2[nH]c(-c3cnn(Cc4cccc(C(F)(F)F)c4)c3)nc2n(CC)c1=O	active
P0DMS8	CCCn1c(=O)c2[nH]c(C3CCCC3)nc2n(CCC)c1=O	active
P0DMS8	CCCn1c(=O)c2c(nc3n2CCCN3Cc2ccc(Cl)cc2)n(CCC)c1=O	active
P0DMS8	CCCn1c(=O)c2c(nc3n2CCCN3Cc2cccc(Cl)c2)n(CCC)c1=O	active
P0DMS8	CCCn1c(=O)c2nc(-c3ccc(OCC(=O)NCc4ccccc4)cc3)[nH]c2n(CCC)c1=O	active
P0DMS8	CCCn1c(=O)c2nc(-c3ccc(OCC(=O)Nc4ccc(Br)cc4)cc3)[nH]c2n(CCC)c1=O	active
P0DMS8	CCCn1c(=O)c2nc(-c3ccc(OCC(=O)Nc4ccc(Cl)cc4)cc3)[nH]c2n(CCC)c1=O	active
P0DMS8	CCCn1c(=O)c2nc(-c3ccc(OCC(=O)Nc4ccc(I)cc4)cc3)[nH]c2n(CCC)c1=O	active
P0DMS8	CCCn1c(=O)c2nc(-c3ccc(OCC(=O)Nc4ccccc4)cc3)[nH]c2n(CCC)c1=O	active
P0DMS8	CCCn1c(=O)c2nc(-c3ccc(OCC(=O)O)cc3)[nH]c2n(CCC)c1=O	active
P0DMS8	CCCn1c(=O)c2nc(C34CC5CC(CC3C5)C4)[nH]c2n(CCC)c1=O	active
P0DMS8	CCCn1c(=O)c2nc(C3CCCC3)[nH]c2n(Cc2ccccc2)c1=O	active
P0DMS8	CCCn1cc2c(nc(N)n3nc(-c4ccco4)nc23)n1	active
P0DMS8	CCCn1cc2c(nc(NC(=O)Cc3ccccc3)n3nc(-c4ccco4)nc23)n1	active
P0DMS8	CCCn1cc2c(nc(NC(=O)NC(C)(C)C)n3nc(-c4ccco4)nc23)n1	active
P0DMS8	CCCn1cc2c(nc(NC(=O)NC(C)C)n3nc(-c4ccco4)nc23)n1	active
P0DMS8	CCCn1cc2c(nc(NC(=O)Nc3ccc(Br)cc3)n3nc(-c4ccco4)nc23)n1	active
P0DMS8	CCCn1cc2c(nc(NC(=O)Nc3ccc(C(F)(F)F)cc3)n3nc(-c4ccco4)nc23)n1	active
P0DMS8	CCCn1cc2c(nc(NC(=O)Nc3ccc(C)cc3)n3nc(-c4ccco4)nc23)n1	active
P0DMS8	CCCn1cc2c(nc(NC(=O)Nc3ccc(Cl)c(Cl)c3)n3nc(-c4ccco4)nc23)n1	active
P0DMS8	CCCn1cc2c(nc(NC(=O)Nc3ccc(Cl)cc3)n3nc(-c4ccco4)nc23)n1	active
P0DMS8	CCCn1cc2c(nc(NC(=O)Nc3ccc(F)cc3)n3nc(-c4ccco4)nc23)n1	active
P0DMS8	CCCn1cc2c(nc(NC(=O)Nc3ccc(OC)cc3)n3nc(-c4ccco4)nc23)n1	active
P0DMS8	CCCn1cc2c(nc(NC(=O)Nc3ccc([N+](=O)[O-])cc3)n3nc(-c4ccco4)nc23)n1	active
P0DMS8	CCCn1cc2c(nc(NC(=O)Nc3ccc4c(c3)OCO4)n3nc(-c4ccco4)nc23)n1	active
P0DMS8	CCCn1cc2c(nc(NC(=O)Nc3cccc(Cl)c3)n3nc(-c4ccco4)nc23)n1	active
P0DMS8	CCCn1cc2c(nc(NC(=O)Nc3cccc(OC)c3)n3nc(-c4ccco4)nc23)n1	active
P0DMS8	CCCn1cc2c(nc(NC(=O)Nc3ccccc3)n3nc(-c4ccco4)nc23)n1	active
P0DMS8	CCCn1cc2c(nc(NC(=O)Nc3ccccc3Cl)n3nc(-c4ccco4)nc23)n1	active
P0DMS8	CCCn1cc2c(nc(NC(=O)Nc3ccccc3OC)n3nc(-c4ccco4)nc23)n1	active
P0DMS8	CCNC(=O)C1OC(n2cnc3c(N)nc(C#CCC4CCC(C(=O)OC)CC4)nc32)C(O)C1O	active
P0DMS8	CCNC(=O)C1OC(n2cnc3c(N)nc(NCCc4ccc(CCC(=O)O)cc4)nc32)C(O)C1O	active
P0DMS8	CCNC(=O)C1OC(n2cnc3c(N)ncnc32)C(O)C1O	active
P0DMS8	CCNC(=O)C1OC(n2cnc3c(NC)nc(C#CC(O)c4ccccc4)nc32)C(O)C1O	active
P0DMS8	CCNC(=O)C1OC(n2cnc3c(NC4CC4)nc(Cl)nc32)C(O)C1O	active
P0DMS8	CCOC(=O)C1=C(c2ccccc2)N=C(C)C(=C(O)OCC)C1CC	active
P0DMS8	CCOC(=O)C1=C(c2ccccc2)N=C(C)C(=C(O)SCC)C1CC	active
P0DMS8	CCOC(=O)C1=C(c2ccccc2)N=C(C)C(=C(O)SCCOC)C1CC	active
P0DMS8	CCOC(=O)CNC(c1ccccc1)c1cc(Br)ccc1NC(=O)c1ccccc1	active
P0DMS8	CCOC(=O)Cc1ccc(NC(=O)Nc2nc3nn(C)cc3c3nc(-c4ccco4)nn23)cc1	active
P0DMS8	CCOC(=O)Cc1ccc(NC(=O)Nc2nc3nn(CC4CCCCC4)cc3c3nc(-c4ccco4)nn23)cc1	active
P0DMS8	CCOC(=O)Cc1ccc(NC(=O)Nc2nc3nn(CCC(C)C)cc3c3nc(-c4ccco4)nn23)cc1	active
P0DMS8	CCOC(=O)c1c(NC(=O)Cc2ccccc2)sc2c1CCN(C(=O)OCC)C2	active
P0DMS8	CCOc1ccc(CCNC(=O)N2CCN(CCCC(c3ccc(F)cc3)c3ccc(F)cc3)CC2)cc1	active
P0DMS8	CCOc1ccc(CCOC(=O)N2CCN(CCCc3ccccc3)CC2)cc1	active
P0DMS8	CCc1nc(-c2nccs2)c2sccc2n1	active
P0DMS8	CCc1nn(C2CCCC2)c2c1CCn1c(-c3cccs3)nnc1-2	active
P0DMS8	CCn1c(=O)c2c(nc(C=Cc3ccc(OC)c(OC)c3)n2C)n(CC)c1=O	active
P0DMS8	CCn1cc2c(nc(N)n3nc(-c4ccco4)nc23)n1	active
P0DMS8	CCn1cc2c(nc(NC(=O)Cc3ccccc3)n3nc(-c4ccco4)nc23)n1	active
P0DMS8	CCn1cc2c(nc(NC(=O)Nc3ccc(Br)cc3)n3nc(-c4ccco4)nc23)n1	active
P0DMS8	CCn1cc2c(nc(NC(=O)Nc3ccc(C(F)(F)F)cc3)n3nc(-c4ccco4)nc23)n1	active
P0DMS8	CCn1cc2c(nc(NC(=O)Nc3ccc(C)cc3)n3nc(-c4ccco4)nc23)n1	active
P0DMS8	CCn1cc2c(nc(NC(=O)Nc3ccc(Cl)c(Cl)c3)n3nc(-c4ccco4)nc23)n1	active
P0DMS8	CCn1cc2c(nc(NC(=O)Nc3ccc(Cl)cc3)n3nc(-c4ccco4)nc23)n1	active
P0DMS8	CCn1cc2c(nc(NC(=O)Nc3ccc(F)cc3)n3nc(-c4ccco4)nc23)n1	active
P0DMS8	CCn1cc2c(nc(NC(=O)Nc3ccc(OC)cc3)n3nc(-c4ccco4)nc23)n1	active
P0DMS8	CCn1cc2c(nc(NC(=O)Nc3ccc([N+](=O)[O-])cc3)n3nc(-c4ccco4)nc23)n1	active
P0DMS8	CCn1cc2c(nc(NC(=O)Nc3ccc4c(c3)OCO4)n3nc(-c4ccco4)nc23)n1	active
P0DMS8	CCn1cc2c(nc(NC(=O)Nc3cccc(Cl)c3)n3nc(-c4ccco4)nc23)n1	active
P0DMS8	CCn1cc2c(nc(NC(=O)Nc3cccc(OC)c3)n3nc(-c4ccco4)nc23)n1	active
P0DMS8	CCn1cc2c(nc(NC(=O)Nc3ccccc3)n3nc(-c4ccco4)nc23)n1	active
P0DMS8	CCn1cc2c(nc(NC(=O)Nc3ccccc3Cl)n3nc(-c4ccco4)nc23)n1	active
P0DMS8	CCn1cc2c(nc(NC(=O)Nc3ccccc3OC)n3nc(-c4ccco4)nc23)n1	active
P0DMS8	CCn1nnc(C2OC(n3cnc4c(N)nc(NC(CO)Cc5ccccc5)nc43)C(O)C2O)n1	active
P0DMS8	CN(C)c1nc(-c2nccs2)c2sccc2n1	active
P0DMS8	CN1CCN(CC(=O)Nc2cc(-n3cccn3)nc(-c3ccco3)n2)CC1	active
P0DMS8	CNC(=O)C12CC1C(n1cnc3c(NC)nc(C#Cc4ccc(Cl)s4)nc31)C(O)C2O	active
P0DMS8	CNC(=O)C12CC1C(n1cnc3c(NCc4cccc(Cl)c4)nc(C#Cc4ccc(F)c(F)c4)nc31)C(O)C2O	active
P0DMS8	CNC(=O)C1CC(O)C(n2cnc3c(NC)ncnc32)O1	active
P0DMS8	CNC(=O)C1OC(n2cnc3c(N)nc(C#Cc4ccccc4)nc32)C(O)C1O	active
P0DMS8	CNC(=O)C1OC(n2cnc3c(NC)nc(C#Cc4ccc(C(C)=O)cc4)nc32)C(O)C1O	active
P0DMS8	CNC(=O)C1OC(n2cnc3c(NC)nc(C#Cc4ccc(F)cc4)nc32)C(O)C1O	active
P0DMS8	CNC(=O)C1OC(n2cnc3c(NC)nc(C#Cc4ccccc4)nc32)C(O)C1O	active
P0DMS8	CNC(=O)C1OC(n2cnc3c(NC)nc(C#Cc4ccccn4)nc32)C(O)C1O	active
P0DMS8	CNC(=O)C1OC(n2cnc3c(NC)ncnc32)C(O)C1N	active
P0DMS8	CNC(=O)C1OC(n2cnc3c(NC)ncnc32)C(O)C1O	active
P0DMS8	CNC(=O)C1OC(n2cnc3c(NC)ncnc32)CC1O	active
P0DMS8	CNC(=O)C1OC(n2cnc3c(NC4CC(C)(C)NC(C)(C)C4)ncnc32)C(O)C1O	active
P0DMS8	CNC(=O)C1OC(n2cnc3c(NC4CC4)nc(Cl)nc32)C(O)C1O	active
P0DMS8	CNC(=O)C1OC(n2cnc3c(NCCc4cc(C(C)(C)C)c(O)c(C(C)(C)C)c4)ncnc32)C(O)C1O	active
P0DMS8	CNC(=O)C1OC(n2cnc3c(NCc4cc(Cl)cc(Cl)c4)ncnc32)C(O)C1N	active
P0DMS8	CNC(=O)C1OC(n2cnc3c(NCc4cc(Cl)cc(Cl)c4)ncnc32)C(O)C1O	active
P0DMS8	CNC(=O)C1OC(n2cnc3c(NCc4cc(Cl)ccc4OC)ncnc32)C(O)C1N	active
P0DMS8	CNC(=O)C1OC(n2cnc3c(NCc4cc(Cl)ccc4OCC(=O)N4CCCCC4)ncnc32)C(O)C1N	active
P0DMS8	CNC(=O)C1OC(n2cnc3c(NCc4cc(Cl)ccc4OCC(=O)N4CCNCC4)ncnc32)C(O)C1N	active
P0DMS8	CNC(=O)C1OC(n2cnc3c(NCc4cc(Cl)ccc4OCC(=O)N4CCOCC4)ncnc32)C(O)C1N	active
P0DMS8	CNC(=O)C1OC(n2cnc3c(NCc4cc(Cl)ccc4OCC(=O)O)ncnc32)C(O)C1N	active
P0DMS8	CNC(=O)C1OC(n2cnc3c(NCc4cc(Cl)ccc4OCC(N)=O)ncnc32)C(O)C1N	active
P0DMS8	CNC(=O)C1OC(n2cnc3c(NCc4cc(Cl)ccc4OCc4cc(C)no4)ncnc32)C(O)C1N	active
P0DMS8	CNC(=O)C1OC(n2cnc3c(NCc4cc(Cl)ccc4OCc4cc(C)no4)ncnc32)C(O)C1O	active
P0DMS8	CNC(=O)C1OC(n2cnc3c(NCc4cc(Cl)ccc4OCc4ccccc4)ncnc32)C(O)C1N	active
P0DMS8	CNC(=O)C1OC(n2cnc3c(NCc4cc(OC)ccc4OC)ncnc32)C(O)C1N	active
P0DMS8	CNC(=O)C1OC(n2cnc3c(NCc4cc(OC)ccc4OC)ncnc32)C(O)C1O	active
P0DMS8	CNC(=O)C1OC(n2cnc3c(NCc4cccc(I)c4)nc(Cl)nc32)C(OC(C)=O)C1OC(C)=O	active
P0DMS8	CNC(=O)C1OC(n2cnc3c(NCc4cccc(I)c4)ncnc32)C(O)C1N	active
P0DMS8	CNC(=O)C1OC(n2cnc3c(NOC)nc(C#Cc4ccc(C(C)=O)cc4)nc32)C(O)C1O	active
P0DMS8	CNC(=O)C1OC(n2cnc3c(NOC)nc(C#Cc4ccc(F)cc4)nc32)C(O)C1O	active
P0DMS8	CNC(=O)C1OC(n2cnc3c(NOC)nc(C#Cc4ccccc4)nc32)C(O)C1O	active
P0DMS8	CNC(=O)C1OC(n2cnc3c(NOC)nc(C#Cc4ccccn4)nc32)C(O)C1O	active
P0DMS8	CNC(=O)C1OC(n2cnc3c(Nc4ccc5c(c4)C(C)(C)NC5(C)C)ncnc32)C(O)C1O	active
P0DMS8	CNC(=O)C1SC(n2cnc3c(NC)nc(Cl)nc32)C(O)C1O	active
P0DMS8	CNC(=O)C1SC(n2cnc3c(NCc4cccc(I)c4)nc(Cl)nc32)C(O)C1O	active
P0DMS8	CNC(=O)OCC1OC(n2cnc3c(NCc4cccc(I)c4)nc(Cl)nc32)C(O)C1O	active
P0DMS8	CNc1nc(C#Cc2ccccc2)nc2c1ncn2C1OC(CO)C(O)C1O	active
P0DMS8	COC(=O)C1=C2C=CN(C)C=C2c2nc(-c3ccccc3)nn2C1	active
P0DMS8	COC(=O)C=CNc1cc(-c2ccncc2)nc2c1c(C)c(C)n2C(C)c1ccccc1	active
P0DMS8	COC(=O)CC1N=C(c2ccc(Cl)cc2)c2c(sc(C)c2C)-n2c(C)nnc21	active
P0DMS8	COCC1CCCN1c1cc(NC(C)=O)nc(-n2nc(C)cc2C)n1	active
P0DMS8	COCc1cccc(CNC(=O)c2cc(-c3ccco3)nc(N)n2)n1	active
P0DMS8	CONc1nc(C#Cc2ccccc2)nc2c1ncn2C1C(O)C(O)C2CC21	active
P0DMS8	CONc1nc(C#Cc2ccccc2)nc2c1ncn2C1OC(CO)C(O)C1O	active
P0DMS8	COP(=O)(OC)OCC1OC(n2cnc3c(NC4CCCC4)nc(Cl)nc32)C(O)C1O	active
P0DMS8	COc1cc(-c2nc(NC(C)=O)sc2-c2ccncc2)cc(OC)c1OC	active
P0DMS8	COc1ccc(-c2csc(NC3OC(=O)c4c3ccc(OC)c4OC)n2)cc1	active
P0DMS8	COc1ccc(-c2csc3nc(=O)cc(N)n23)cc1	active
P0DMS8	COc1ccc(-c2nc3c(O)nc4ccccc4n3n2)cc1	active
P0DMS8	COc1ccc(C(=O)Nc2nc(-c3ccccc3)cs2)cc1	active
P0DMS8	COc1ccc(C(=O)Nc2nc(-c3ccccc3)ns2)cc1	active
P0DMS8	COc1ccc(CN2CCN(C(=O)CCn3cc(C)c4ccccc43)CC2)cc1OCc1ccccc1	active
P0DMS8	COc1ccc(NC(=O)Nc2nc3ccc(Cl)cc3c3nc(-c4ccco4)nn23)cc1	active
P0DMS8	COc1ccc(NC(=O)Nc2nc3n[nH]cc3c3nc(-c4ccco4)nn23)cc1	active
P0DMS8	COc1ccc(NC(=O)Nc2nc3nn(C(C)(C)C)cc3c3nc(-c4ccco4)nn23)cc1	active
P0DMS8	COc1ccc(NC(=O)Nc2nc3nn(C)cc3c3nc(-c4ccco4)nn23)cc1	active
P0DMS8	COc1ccc(NC(=O)Nc2nc3nn(CC=C(C)C)cc3c3nc(-c4ccco4)nn23)cc1	active
P0DMS8	COc1ccc(NC(=O)Nc2nc3nn(CCC(C)C)cc3c3nc(-c4ccco4)nn23)cc1	active
P0DMS8	COc1ccc(NC(=O)Nc2nc3nn(CCCc4ccccc4)cc3c3nc(-c4ccco4)nn23)cc1	active
P0DMS8	COc1ccc(NC(=O)Nc2nc3nn(CCc4cc(Br)c(Br)cc4Br)cc3c3nc(-c4ccco4)nn23)cc1	active
P0DMS8	COc1ccc(NC(=O)Nc2nc3nn(CCc4ccccc4)cc3c3nc(-c4ccco4)nn23)cc1	active
P0DMS8	COc1ccc(SCCC(=O)N2CCN(Cc3cccc(Oc4ccc(Cl)cc4)c3)CC2)cc1	active
P0DMS8	COc1ccc2c(C3CCc4ccc(Cl)cc43)nccc2c1OC	active
P0DMS8	COc1cccc(NC(=O)Nc2nc3nn(C)cc3c3nc(-c4ccco4)nn23)c1	active
P0DMS8	COc1ccccc1NC(=O)Nc1nc2nn(C)cc2c2nc(-c3ccco3)nn12	active
P0DMS8	Cc1c(C)n(C(C)c2ccccc2)c2nc(-c3ccccc3)nc(NC3CCCC3)c12	active
P0DMS8	Cc1c(C)n(C(C)c2ccccc2)c2nc(-c3ccccc3)nc(NCCN)c12	active
P0DMS8	Cc1cc(Cn2nnc3c(-c4ccco4)nc(N)nc32)ccc1N	active
P0DMS8	Cc1ccc(-c2oc3ccc(Cl)cc3c(=O)c2Cl)c(OC(C)C)c1	active
P0DMS8	Cc1ccc(-c2oc3ccc(Cl)cc3c(=O)c2O)c(OC(C)C)c1	active
P0DMS8	Cc1ccc(NC(=O)Nc2nc3nn(C)cc3c3nc(-c4ccco4)nn23)cc1	active
P0DMS8	Cc1ccc(NC(=O)Nc2nc3nn(CC4CCCCC4)cc3c3nc(-c4ccco4)nn23)cc1	active
P0DMS8	Cc1ccc(NC(=O)Nc2nc3nn(CCC(C)C)cc3c3nc(-c4ccco4)nn23)cc1	active
P0DMS8	Cc1cccc(CNC(=O)c2cc(-c3ccc(C)o3)nc(N)n2)n1	active
P0DMS8	Cc1cn2c(NC(=O)c3ccccc3)nc(-c3ccccc3)nc2n1	active
P0DMS8	Cn1c(=O)c2[nH]c(C34CC5CC(CC3C5)C4)nc2n(C)c1=O	active
P0DMS8	Cn1c(=O)c2nc(-c3ccccc3)[nH]c2n(C)c1=O	active
P0DMS8	Cn1c(=O)n(CCCc2ccccc2)c(=O)c2[nH]cnc21	active
P0DMS8	Cn1c(=O)n(CCc2ccccc2)c(=O)c2[nH]cnc21	active
P0DMS8	Cn1c(=O)n(Cc2ccccc2)c(=O)c2[nH]cnc21	active
P0DMS8	Cn1cc2c(nc(N)n3nc(-c4ccco4)nc23)n1	active
P0DMS8	Cn1cc2c(nc(NC(=O)Cc3ccccc3)n3nc(-c4ccco4)nc23)n1	active
P0DMS8	Cn1cc2c(nc(NC(=O)NC3CCCCC3)n3nc(-c4ccco4)nc23)n1	active
P0DMS8	Cn1cc2c(nc(NC(=O)Nc3ccc(Br)cc3)n3nc(-c4ccco4)nc23)n1	active
P0DMS8	Cn1cc2c(nc(NC(=O)Nc3ccc(C(F)(F)F)cc3)n3nc(-c4ccco4)nc23)n1	active
P0DMS8	Cn1cc2c(nc(NC(=O)Nc3ccc(Cl)c(Cl)c3)n3nc(-c4ccco4)nc23)n1	active
P0DMS8	Cn1cc2c(nc(NC(=O)Nc3ccc(Cl)cc3)n3nc(-c4ccco4)nc23)n1	active
P0DMS8	Cn1cc2c(nc(NC(=O)Nc3ccc(F)cc3)n3nc(-c4ccco4)nc23)n1	active
P0DMS8	Cn1cc2c(nc(NC(=O)Nc3ccc([N+](=O)[O-])cc3)n3nc(-c4ccco4)nc23)n1	active
P0DMS8	Cn1cc2c(nc(NC(=O)Nc3ccc4c(c3)OCO4)n3nc(-c4ccco4)nc23)n1	active
P0DMS8	Cn1cc2c(nc(NC(=O)Nc3cccc(Cl)c3)n3nc(-c4ccco4)nc23)n1	active
P0DMS8	Cn1cc2c(nc(NC(=O)Nc3ccccc3)n3nc(-c4ccco4)nc23)n1	active
P0DMS8	Cn1cc2c(nc(NC(=O)Nc3ccccc3Cl)n3nc(-c4ccco4)nc23)n1	active
P0DMS8	N#Cc1ccc(CCOC(=O)N2CCN(CCCC(c3ccc(F)cc3)c3ccc(F)cc3)CC2)cc1	active
P0DMS8	N#Cc1ccc(CCOC(=O)NC2CCN(CCCC(c3ccc(F)cc3)c3ccc(F)cc3)CC2)cc1	active
P0DMS8	NC(=O)n1cc(NC(=O)N2CCCC2C(=O)Nc2cccc(OC(F)(F)F)c2)c2ccccc21	active
P0DMS8	NCC(=O)Nc1nc2nn(CCc3ccccc3)cc2c2nc(-c3ccco3)nn12	active
P0DMS8	NCCC(=O)Nc1nc2nn(CCc3ccccc3)cc2c2nc(-c3ccco3)nn12	active
P0DMS8	NCCCC(=O)Nc1nc2nn(CCc3ccccc3)cc2c2nc(-c3ccco3)nn12	active
P0DMS8	NNC(=O)C1OC(n2cnc3c(N)ncnc32)C(O)C1O	active
P0DMS8	Nc1nc(-c2ccco2)c2ncn(C(=O)NCc3ccccc3)c2n1	active
P0DMS8	Nc1nc(-c2ccco2)c2ncn(C(=O)NCc3ccco3)c2n1	active
P0DMS8	Nc1nc(C#Cc2ccccc2)nc2c1ncn2C1OC(CO)C(O)C1O	active
P0DMS8	Nc1nc(C(=O)NCc2cccc3cccnc23)c2ccccc2n1	active
P0DMS8	Nc1nc(Cl)nc2c1ncn2C1OC(CO)C(O)C1O	active
P0DMS8	Nc1nc(N=O)nc2c1ncn2C1OC(CO)C(O)C1O	active
P0DMS8	Nc1nc(NN=CC2CCCCC2)nc2c1ncn2C1OC(CO)C(O)C1O	active
P0DMS8	Nc1nc2c(cnn2CCc2ccccc2)c2nc(-c3ccco3)nn12	active
P0DMS8	Nc1nc2ccc(Cl)cc2c2nc(-c3ccco3)nn12	active
P0DMS8	Nc1nc2n[nH]cc2c2nc(-c3ccco3)nn12	active
P0DMS8	Nc1nc2nn(CC3CCCCC3)cc2c2nc(-c3ccco3)nn12	active
P0DMS8	Nc1nc2nn(CCCc3ccccc3)cc2c2nc(-c3ccco3)nn12	active
P0DMS8	Nc1nc2nn(CCc3cc(Br)c(Br)cc3Br)cc2c2nc(-c3ccco3)nn12	active
P0DMS8	Nc1nc2nn(CCc3cccc4ccccc34)cc2c2nc(-c3ccco3)nn12	active
P0DMS8	Nc1nc2nn(CCc3ccccc3)cc2c2nc(-c3ccco3)nn12	active
P0DMS8	Nc1ncnc2c1ncn2C1OC(C(=O)NC2CC2)C(O)C1O	active
P0DMS8	Nc1ncnc2c1ncn2C1OC(C(=O)NC2CCC2)C(O)C1O	active
P0DMS8	Nc1ncnc2c1ncn2C1OC(C(=O)NC2CCCC2)C(O)C1O	active
P0DMS8	Nc1ncnc2c1ncn2C1OC(C(=O)NCC(F)(F)F)C(O)C1O	active
P0DMS8	Nc1ncnc2c1ncn2C1OC(C(=O)NCCO)C(O)C1O	active
P0DMS8	O=C(C1OC(n2cnc3c(NC4CC4)nc(Cl)nc32)C(O)C1O)N1CCOCC1	active
P0DMS8	O=C(CCc1ccc(F)cc1)N1CCN(CCCC(c2ccc(F)cc2)c2ccc(F)cc2)CC1	active
P0DMS8	O=C(Cc1ccccc1)Nc1nc2ccc(Cl)cc2c2nc(-c3ccco3)nn12	active
P0DMS8	O=C(NC1CC1)C1OC(n2cnc3c(NC4CC4)nc(Cl)nc32)C(O)C1O	active
P0DMS8	O=C(NCCCn1c(O)nc2ccccc21)OCc1cc2c(cc1Cl)OCO2	active
P0DMS8	O=C(Nc1ccc(F)cc1)Nc1ccc(Nc2nc(-c3ccccc3)nc3c2nnn3Cc2ccccc2)cc1	active
P0DMS8	O=C(Nc1cccc(Cl)c1)Nc1nc2ccc(Cl)cc2c2nc(-c3ccco3)nn12	active
P0DMS8	O=C(Nc1cccc(Cl)c1)Nc1nc2n[nH]cc2c2nc(-c3ccco3)nn12	active
P0DMS8	O=C(Nc1cccc(Cl)c1)Nc1nc2nn(CCCc3ccccc3)cc2c2nc(-c3ccco3)nn12	active
P0DMS8	O=C(Nc1cccc(Cl)c1)Nc1nc2nn(CCc3cc(Br)c(Br)cc3Br)cc2c2nc(-c3ccco3)nn12	active
P0DMS8	O=C(Nc1cccc(Cl)c1)Nc1nc2nn(CCc3cccc4ccccc34)cc2c2nc(-c3ccco3)nn12	active
P0DMS8	O=C(Nc1cccc(Cl)c1)Nc1nc2nn(CCc3ccccc3)cc2c2nc(-c3ccco3)nn12	active
P0DMS8	O=C(Nc1nc2nn(CC3CCCCC3)cc2c2nc(-c3ccco3)nn12)NC1CCCCC1	active
P0DMS8	O=C(O)CC1CCc2c1[nH]c1ccc(OCc3ccc(C4CCCC4)c(C(F)(F)F)c3)cc21	active
P0DMS8	O=C(OCCc1ccc(F)cc1)N1CCN(CCCC(c2ccc(F)cc2)c2ccc(F)cc2)CC1	active
P0DMS8	O=C(OCc1cc2c(cc1Cl)OCO2)N1CCC(n2c(O)nc3ccccc32)CC1	active
P0DMS8	O=C(OCc1cc2c(cc1Cl)OCO2)N1CCC2(CC1)C(=O)NCN2c1ccccc1	active
P0DMS8	O=C(OCc1cccc(Oc2ccccc2)c1)N1CCC2(CC1)C(=O)NCN2c1ccccc1	active
P0DMS8	O=C1NCCC12OC(n1cnc3c(NCc4cccc(I)c4)ncnc31)C(O)C2O	active
P0DMS8	O=P(O)(O)OCC1OC(n2cnc3c(NC4CCCC4)nc(Cl)nc32)C(O)C1O	active
P0DMS8	O=[N+]([O-])c1cccc(C2CC2Nc2nc(C#Cc3ccccc3)nc3c2ncn3C2OC(CO)C(O)C2O)c1	active
P0DMS8	O=c1[nH]c2[nH]cnc2c(=O)n1C1CCCC1	active
P0DMS8	O=c1[nH]c2[nH]cnc2c(=O)n1CCc1ccccc1	active
P0DMS8	OC(c1cc(C(F)(F)F)nc2c(C(F)(F)F)cccc12)C1CCCCN1	active
P0DMS8	OC1C(O)C(n2cnc3c(NCCc4ccccc4)nc(C#Cc4ccccc4)nc32)C2CC12	active
P0DMS8	OC1CCC(Nc2nc(-c3ccccc3)nc3[nH]ccc23)CC1	active
P0DMS8	OCC12CC1C(n1cnc3c(NCc4cccc(I)c4)nc(Cl)nc31)C(O)C2O	active
P0DMS8	OCC12CC1C(n1cnc3c(NCc4cccc(I)c4)ncnc31)C(O)C2O	active
P0DMS8	OCC1CCCN1c1nc(-c2nccs2)c2sccc2n1	active
P0DMS8	OCC1OC(n2cnc3c(NC4CCCC4)nc(Cl)nc32)C(O)C1O	active
P0DMS8	OCC1OC(n2cnc3c(NC4CCCC4)ncnc32)C(O)C1O	active
P0DMS8	OCC1OC(n2cnc3c(NCc4cccc(I)c4)nc(Cl)nc32)C(O)C1O	active
P0DMS8	OCC1OC(n2cnc3c(NCc4cccc(I)c4)ncnc32)C(O)C1O	active
P0DMS8	OCC1OC(n2cnc3c(NCc4ccccc4)ncnc32)C(O)C1O	active
P0DMS8	OCC1OC(n2cnc3c(NCc4ccco4)ncnc32)C(O)C1O	active
P0DMS8	OCC1OC(n2cnc3c(NCc4cccs4)ncnc32)C(O)C1O	active
P0DMS8	c1csc(-c2nc(C3CC3)nc3ccsc23)n1	active
P0DMS8	C#CC(=O)N1CCCC(Nc2ccc(C(N)=O)c3[nH]c(C)c(C)c23)C1	random
P0DMS8	C#CCNC1CCc2c(OCc3ccccc3)cccc21	random
P0DMS8	C#Cc1cccc(Nc2ncnc3cc(OCCOC(=O)c4ccccc4OC(C)=O)c(OCCOC)cc23)c1	random
P0DMS8	C=C1C(=CC=C(CCCCCCC)c2cccc(CCCCCC(C)(C)O)c2)CC(O)CC1O	random
P0DMS8	C=C1C(=O)OC2C3=C(C)C(OC(=O)c4ccc(Cl)cc4)CC3C(C)(OC(C)=O)CCC12	random
P0DMS8	C=C1CCC2C(C)(C)CCCC2(C)C1CC=C(C=O)CC(=O)OCc1cn(Cc2ccc(F)cc2Br)nn1	random
P0DMS8	C=CC(=O)Nc1cc(Nc2nc(C)cc(-c3cn(C)c4ccc(F)cc34)n2)c(OC)cc1N(C)CCN(C)C	random
P0DMS8	C=CC(=O)Nc1cccc(Nc2nc(Nc3ccc(OCCOC)cc3)ncc2F)c1	random
P0DMS8	C=CC(=O)Nc1cccc(Oc2nc(Nc3n[nH]c4ccccc34)cc(N3CCN(C)CC3)n2)c1	random
P0DMS8	C=Cc1cnc2c(C(N)=O)cccc2c1	random
P0DMS8	CC#CC1CN(S(=O)(=O)c2ccc(N)nc2)CCN1c1ccc(S(C)(=N)=O)cc1	random
P0DMS8	CC#CCOc1ccc(S(=O)(=O)N2Cc3ccccc3N(C(=O)c3cnccn3)CC2C(=O)NO)cc1	random
P0DMS8	CC#CCn1c(N2CCCC(N)C2)nc2ccn(Cc3ccnc4ccccc34)c2c1=O	random
P0DMS8	CC(=NNC(=O)c1nc(N)n(-c2ccc(S(N)(=O)=O)cc2)n1)c1ccccc1	random
P0DMS8	CC(=O)N1CCN(CC#Cc2ccc(CN(CC(C)(C)C)c3ccnc(C#N)n3)cc2)CC1	random
P0DMS8	CC(=O)N1CCN(c2nc(-c3ccccc3F)c3c(n2)C2(C)C=C(C#N)C(=O)C(C)C2CC3)CC1	random
P0DMS8	CC(=O)N1CCOC(c2nc(-c3ccc(C(=O)Nc4cc(C(F)(F)F)ccn4)cc3F)c3c(N)nccn23)C1	random
P0DMS8	CC(=O)Nc1nc(C)c(-c2nc(C3CCOC3)no2)s1	random
P0DMS8	CC(=O)OC1C=CC(NS(=O)(=O)ON)OC1	random
P0DMS8	CC(C)(C)C(=O)NCCn1ccc2ncnc(Nc3ccc(Oc4cccc5sncc45)c(Cl)c3)c21	random
P0DMS8	CC(C)(C)C(=O)Oc1coc(CSc2nnc(-c3ccccc3)s2)cc1=O	random
P0DMS8	CC(C)(C)c1ccc(-c2ccc(CN3C(C(=O)NO)CCCS3(=O)=O)cc2)cc1	random
P0DMS8	CC(C)(C)c1ccc(-c2ccc(S(=O)(=O)N3CCCC3C(=O)NC(C#N)CC(N)=O)cc2)cc1	random
P0DMS8	CC(C)(C)c1ccc(COc2ccc3c(=O)cc(N4CCOCC4)oc3c2)cc1	random
P0DMS8	CC(C)(CN1C(=O)c2ccccc2C1C(=O)NCCCF)c1ccc(Cl)cc1	random
P0DMS8	CC(C)CC(NCCCN)c1ccccc1N1CCN(C(=O)C(Cc2ccc(Cl)cc2Cl)N2CCCC2=O)CC1	random
P0DMS8	CC(C)CC(O)c1ccccc1N1CCN(C(=O)C(N)Cc2ccc(Cl)cc2Cl)CC1	random
P0DMS8	CC(C)CC1NCCc2cc(-c3cnn4c(C(N)=O)cc(Cl)c4c3)sc21	random
P0DMS8	CC(C)N(C(=O)C1(c2ccccc2)CC1CN)C(C)C	random
P0DMS8	CC(C)N1C(=O)C(NC(=O)C(Cc2ccccc2OC(F)(F)F)NC(=O)c2ccncc2)CCc2ccccc21	random
P0DMS8	CC(C)N1CCC(Oc2ccc3c(c2)cc2n3CCN(CC(F)(F)F)C2=O)CC1	random
P0DMS8	CC(C)N1CCNC(C(=O)N2CCN(C(=O)Nc3ccc(Cl)c(Cl)c3)CC2)C1	random
P0DMS8	CC(C)NCC1CC(c2nc(-c3cccc(OCc4ccccc4)c3)c3c(N)nccn23)C1	random
P0DMS8	CC(C)Oc1cccc(S(=O)(=O)c2ccc3c(c2)OC2CNCCC32)c1	random
P0DMS8	CC(C)c1cc(Oc2c(Br)cc(NC(=O)CC(=O)O)c3c2CCC3)ccc1O	random
P0DMS8	CC(C)c1sc(C=C2NC(=O)CS2)nc1-c1ccccc1	random
P0DMS8	CC(C)n1cc(C(=O)c2cncc(NC3CNCC3c3ccc(F)cc3)n2)c2c(N)ncnc21	random
P0DMS8	CC(O)(c1ccc(S(=O)(=O)c2cccc(Cl)c2)cc1)C(F)(F)F	random
P0DMS8	CC1(C)CCC2(C)CCC3(C(=O)O)C(=CCC4C5(C)CCC(=O)C(C)(C)C5CCC43C)C2C1	random
P0DMS8	CC1(C)OCC(NC(=O)c2ccc(Cl)cc2Cl)C(c2ccccc2)O1	random
P0DMS8	CC1(Nc2nccc(C3CCCN(CCc4c[nH]c5ccccc45)C3)n2)CC1	random
P0DMS8	CC1=CC(C)(C)Nc2cc3c(cc21)-c1ccc(Cl)cc1C3	random
P0DMS8	CC1CNC(C(=O)NC(C#N)Cc2ccccc2)C1	random
P0DMS8	CC1NC(=O)N(CC(=O)Nc2ccc(Cl)c(S(=O)(=O)N3CCCC3)c2)C1=O	random
P0DMS8	CCC(=O)CCCCCC(NC(=O)C1CC12CCN(C)CC2)c1[nH]c(-c2ccc3nc(C)ccc3c2)nc1C#N	random
P0DMS8	CCC(C(=O)Nc1onc(C(C)C)c1-c1ccc(C(O)(C(F)(F)F)C(F)(F)F)cc1)c1ccccc1	random
P0DMS8	CCC(C)(C)Cc1c[nH]c(CCc2ccc3c(c2)CNC(=O)c2ccccc2-3)n1	random
P0DMS8	CCC(CC)(CC)C(N)C(=O)N1C(C#N)CC2CC21	random
P0DMS8	CCC(CC)Sc1nc2cc(Cl)c(N3CCN(CCO)CC3)cc2[nH]1	random
P0DMS8	CCC(NC(=O)C1CC(S(=O)(=O)c2ccccc2)CN1C(=O)N1CCCC1)C(=O)c1nc2ccccc2o1	random
P0DMS8	CCC(O)(CC)c1ccccc1N1CCN(C(=O)C(Cc2ccc(Cl)cc2Cl)NC(=O)CNC)CC1	random
P0DMS8	CCC(O)=C(C#N)C(=O)Nc1ccc(-c2cccc(OC)c2)c(C(=O)OC)c1	random
P0DMS8	CCC12CCC(=O)C(C(F)(F)F)=C1c1ccc3[nH]nnc3c1C2	random
P0DMS8	CCC1c2nncn2-c2cnc(Nc3ccc(C(=O)NC4CCN(C)CC4)cc3OC)nc2N1Cc1cccs1	random
P0DMS8	CCCC(C)N1CCC(N(Cc2ccccc2)C(=O)Nc2cccc(F)c2)CC1	random
P0DMS8	CCCC(Sc1nsc(NC(=O)NC)c1C(N)=O)c1ccc(Cl)cc1	random
P0DMS8	CCCC1NC(=O)C(C(C)C)NNC(=O)C(Cc2ccc(O)cc2)NCCOc2ccccc2CCCNC1=O	random
P0DMS8	CCCCC(Sc1ccc(OCCCOc2cccc(C)c2)cc1)C(=O)O	random
P0DMS8	CCCCCCC#Cc1nc(N)c2ncn(C3OC(CO)C(O)C3O)c2n1	random
P0DMS8	CCCCCCCCCCCCCCN1C(=O)C(=CC(=O)O)c2ccccc21	random
P0DMS8	CCCCN(c1cccc(-c2ccc(OC(F)(F)F)cc2)c1Cl)S(=O)(=O)c1ccc(OC(C)C(=O)O)c(C)c1C	random
P0DMS8	CCCCNC1=C2C(=NC1=O)c1cccc3c(Sc4ccc(N)cc4)ccc2c13	random
P0DMS8	CCCCNc1ncc(C(=O)Nc2ccc(OC)cc2)c(NC2CCC(O)CC2)n1	random
P0DMS8	CCCN(CC1CC1)c1cc(C(=O)c2c(C)cc(C)cc2C)nc(C)n1	random
P0DMS8	CCCOc1cc(C)c2c(c1C)CC(C(C)C(=O)NCc1cccs1)CC2	random
P0DMS8	CCCS(=O)(=O)N1CCC(CNC(=O)c2c(F)cccc2F)(C(=O)N2CCOCC2)CC1	random
P0DMS8	CCCc1n[nH]c2c1C(c1ccc(OC)cc1)c1c(nc3c(c1N)CCCC3)O2	random
P0DMS8	CCCn1c(-c2ccccc2)c(Cc2c(O)ccc3ccccc23)c(=O)[nH]c1=S	random
P0DMS8	CCN(C)C1CCC(c2c[nH]c3ccc(C#N)cc23)C1	random
P0DMS8	CCN(CC)C(=O)c1cc(N(Cc2ccccc2)c2ccc([N+](=O)[O-])cc2)cn1C	random
P0DMS8	CCN(CC)CCN(C)Cc1csc(C(=O)Nc2ccc(Cl)cc2C(=O)Nc2ccc(Cl)cc2)c1Cl	random
P0DMS8	CCN(CC)CCOC(=O)C=Cc1ccc2occ(C(=O)Nc3cccc(Cl)c3)c(=O)c2c1	random
P0DMS8	CCN(CC)S(=O)(=O)c1ccc(C=Cc2nc3ccccc3s2)cc1	random
P0DMS8	CCN1C(=O)CCC1C(=O)NCc1c(F)cccc1Cl	random
P0DMS8	CCOC(=O)c1cc2c3cccnc3cc(CCc3nc4ccccc4n3C)n2n1	random
P0DMS8	CCOC(=O)c1ccc2[nH]c(=O)c3c(c2c1)CCSC3	random
P0DMS8	CCOC(=O)c1cnn(-c2ccc(NC(=O)C(Cl)=C(Cl)Cl)cc2)c1C(F)(F)F	random
P0DMS8	CCOC(=O)c1nn(-c2ccccc2)cc1C(=O)c1c(C)[nH]c(-c2ccccc2)c1-c1ccccc1	random
P0DMS8	CCOc1ccc(-c2csc(N=Cc3c[nH]c4ccccc34)n2)c(OCC)c1	random
P0DMS8	CCS(=O)(=O)c1ccc(CC(=O)Nc2ccc(-c3ccccc3OC(C)C)c(Cl)c2)cc1	random
P0DMS8	CCc1c(-c2ccc(C(=O)NC)nc2)cnc(N)c1-c1ccc(O)cc1	random
P0DMS8	CCc1cc(OC)cc2nc(-c3cccnc3N3CCN(CCO)CC3)oc(=O)c12	random
P0DMS8	CCc1ccc(COc2ccc(C3CN(C(=O)c4cc(OCCN5CC(O)C(O)C5)ccn4)C3)cc2OC)cc1	random
P0DMS8	CCc1ccc(Oc2ccc(NC(=O)NC(Cc3ccccc3)C(=O)NCCCN3CCOCC3)cc2)cc1	random
P0DMS8	CCc1nc2ccccc2n1-c1nc(N2CCOCC2)c2sc(CN3CCNC(=O)C3)cc2n1	random
P0DMS8	CCn1c(-c2nonc2N)nc2cc(C(C)=O)ccc21	random
P0DMS8	CCn1c(CNc2ccc(C(=N)N)cc2)nc2cc(C(=O)N(CCC(=O)O)c3cccc(C)c3)ccc21	random
P0DMS8	CCn1c2ccc(-c3nc4c(C)c(C(=O)O)ccc4n3CCOC)cc2c2cccc(Cl)c21	random
P0DMS8	CCn1c2ccccc2c2cc(NC(=O)CC(C)CC(=O)Nc3ccc(F)cc3)ccc21	random
P0DMS8	CN(C)C1C(O)=C(C(N)=O)C(=O)C2(O)C(O)=C3C(=O)c4c(O)cccc4C(C)(O)C3CC12	random
P0DMS8	CN(C)CC(=O)N(C)c1ccc2c(c1)N(C(=O)c1cc(C(N)=O)nn1-c1ccc3onc(N)c3c1)CC2	random
P0DMS8	CN(C)CCNC(=O)c1cccc2cc3cc(O)ccc3nc12	random
P0DMS8	CN(C)CCNc1ccc2nnn3c4ccc(Br)cc4c(=O)c1c23	random
P0DMS8	CN(C)c1nc(-c2cc3ccccc3s2)c2sccc2n1	random
P0DMS8	CN(CC(CCN1CCC2(CC1)C[S+]([O-])c1ccccc12)c1ccc(Cl)c(Cl)c1)S(=O)(=O)c1cccc(Cl)c1	random
P0DMS8	CN(c1nc(-c2cccnc2)nc2ccccc12)C1CCCCCC1	random
P0DMS8	CN1C(=O)CC(c2cccc(F)c2)C1C(O)c1ccc(-c2ccc(F)cc2)s1	random
P0DMS8	CN1CCN(C(=O)c2cc(N3CCN(C(=O)n4nnc5ccccc54)CC3)ccc2[N+](=O)[O-])CC1	random
P0DMS8	CN1CCN(c2ccc3[nH]c(-c4c(N)c5cc(F)ccc5[nH]c4=O)nc3c2)CC1	random
P0DMS8	CN1c2cc(-c3cncc(Cl)c3N3CCC4(CCNC4=O)CC3)ccc2CS1(=O)=O	random
P0DMS8	CNC(=O)C(=Cc1cc(-c2ccccc2)n(-c2ccc(Cl)cc2)c1-c1ccccc1)C(=O)NC	random
P0DMS8	CNC(=O)C(Cc1c[nH]c2ccccc12)NC(=O)C(CC(=O)Nc1cccc(N)c1)CC(C)C	random
P0DMS8	CNC(=O)C(NC(=O)C(CC(C)C)C(NCc1cccc2cccnc12)C(=O)NO)C(C)(C)C	random
P0DMS8	CNC(=O)CCc1sc2ncnc(N)c2c1-c1ccc(NC(=O)Nc2cccc(C)c2)cc1	random
P0DMS8	CNC(=O)CN1CCN(c2ccc(Nc3ncc(Cl)c(Nc4ccccc4P(C)(C)=O)n3)c(OC)c2)CC1	random
P0DMS8	CNC(=O)c1c(C(N)=O)nc2n1CCOc1ccc(C#CC(C)(O)c3cc(C)on3)cc1-2	random
P0DMS8	CNC(=O)c1cc2c(N3CCOCC3)nc(-c3cnc(N)cc3C(F)(F)F)nn2c1	random
P0DMS8	CNC(=O)c1ccc(Oc2ccc(C(=O)NCc3ccncc3)cc2)cc1	random
P0DMS8	CNC(=O)c1ccc(Sc2cccc(NC(=S)Nc3ccc(F)c(F)c3)c2)nc1	random
P0DMS8	CNC(=O)c1ccc2c(c1)nc(-c1ccccn1)n2C1CCCC(NC(=O)c2cnc(Br)s2)C1	random
P0DMS8	CNCc1cc(C(=O)N2CCCN(C3CC3)CC2)ccc1Oc1ccc(C#N)cc1	random
P0DMS8	CNc1ccc(-c2nc3cc(O)ccc3s2)cn1	random
P0DMS8	COC(=O)C(Cc1ccccc1)NC(=O)C(Cc1c[nH]c2ccccc12)NC(=O)C1CCCCC1	random
P0DMS8	COC(=O)CC1CC(c2ccc(O)c(F)c2)=NO1	random
P0DMS8	COC(=O)NCC(=O)CNC(=O)C(CC(C)(C)F)NC(c1ccc(-c2ccc(S(C)(=O)=O)cc2)cc1)C(F)(F)F	random
P0DMS8	COC(=O)c1c(NC(=O)C23CC4CC(CC(O)(C4)C2)C3)sc2c1CCCC2	random
P0DMS8	COC(=O)c1nnn2c1CN(C(=O)CC(N)Cc1cc(F)c(F)cc1F)CC2	random
P0DMS8	COCCCC1CCCN1S(=O)(=O)c1ccc2c(c1)C(=O)C(=O)N2	random
P0DMS8	COCCCOc1cc(CC(CC(N)C(O)CC(C)C(=O)NCCCS(=O)(=O)C(C)(C)C)C(C)C)ccc1OC	random
P0DMS8	COCCN(CC1CCCN(C2Cc3ccccc3C2)C1)C(=O)c1cc([N+](=O)[O-])c2cccnc2c1O	random
P0DMS8	COCCN1C(=O)c2cc(-c3nc(Nc4ccnn4C)ncc3C)cn2CC1C	random
P0DMS8	COCCN1CC(C)(C)C(Oc2ccc(C#N)c(C(F)(F)F)c2)C1=O	random
P0DMS8	COCc1c(C(=O)NC2CCCCC2)nn(-c2ccc(Cl)cc2Cl)c1C1C2(C)CCC(C2)C1(C)C	random
P0DMS8	COc1cc(-c2cc3c([nH]2)c(=O)n(C)c(=O)n3C)ccc1OCC(=O)NCc1ccc(Cl)cc1	random
P0DMS8	COc1cc(C=CC(=O)Nc2cccc(COc3ccc(OC4CCNCC4)cc3)c2)ccc1O	random
P0DMS8	COc1cc(N2Cc3cn(-c4cccc(S(C)(=O)=O)c4)nc3C2C(C)C)ccn1	random
P0DMS8	COc1cc(Nc2c(C#N)cnc3cc4cc(OC)c(OCCN5CCOCC5)cc4cc23)c(C)cc1Cl	random
P0DMS8	COc1cc(Nc2ncc(-c3ccccc3)o2)cc(OC)c1	random
P0DMS8	COc1cc(Nc2ncc3ccn(-c4cccc(CC(=O)NCCN)c4)c3n2)cc(OC)c1OC	random
P0DMS8	COc1cc(OC)c2c(=O)[nH]c(-c3cc(OC)c(OC(=O)C(C)(C)Br)c(OC)c3)nc2c1	random
P0DMS8	COc1cc(OC2OC(CO)C(O)C(O)C2O)c2c(OC)c(C(C)=O)c(OC3OCC(O)(CO)C3O)cc2c1	random
P0DMS8	COc1cc2nccc(Oc3ccc4c(C(=O)Nc5ccc(Cl)c(C(F)(F)F)c5)cccc4c3)c2cc1OC	random
P0DMS8	COc1ccc(-c2ccc(CCCNc3ccc(CN4CCCC4)cc3)nn2)cc1	random
P0DMS8	COc1ccc(-c2ncnc3ccc(-c4cnc5ccccc5c4)cc23)cc1OC	random
P0DMS8	COc1ccc(-n2nc(C)c(CC(=O)NCc3ccc(F)cc3Cl)c2C)cn1	random
P0DMS8	COc1ccc(C(=O)CCC(=O)NO)cc1	random
P0DMS8	COc1ccc(C2(CNC(=O)c3ccc(NC(=O)c4cnc(C)o4)cc3Cl)CCOCC2)cc1	random
P0DMS8	COc1ccc(C2=Nc3c(C(C)(C)C)nn(CCO)c3C(=O)NC2)cc1-c1cnc(N2CCCCC2)nc1	random
P0DMS8	COc1ccc(C=CC(=O)Nc2ccc3c(C)cc(=O)oc3c2)cc1OC	random
P0DMS8	COc1ccc(NC(=O)c2ccc(Cl)cc2)c(C(=O)Nc2ccc(N3CCCCC3=O)cc2)c1	random
P0DMS8	COc1ccc(NC(=O)c2ccc3c(Cl)cc(Cl)c(O)c3n2)cc1OC1CCCC1	random
P0DMS8	COc1ccc(OC)c(-c2nnc3n2N=C(c2ccc(OC)c(OC4CCOC4)c2)CS3)c1	random
P0DMS8	COc1ccc(S(=O)(=O)N2CCC(N(C)c3ncnc4[nH]ccc34)C2)cc1	random
P0DMS8	COc1ccc([N+](=O)[O-])cc1S(=O)(=O)NC1CCC(N2CCN(c3ccccc3OC(C)C)CC2)CC1	random
P0DMS8	COc1ccc2c(Nc3cc(C)[nH]n3)nc(-c3ccccc3)nc2c1	random
P0DMS8	COc1ccc2c(c1)C1(CC1c1ccc3c(C=Cc4ccc(CN5CCOCC5)cc4)n[nH]c3c1)C(=O)N2	random
P0DMS8	COc1cccc(-c2ccc(COC3CN(C#N)C3)cc2)c1OC	random
P0DMS8	COc1cccc(-n2sc3ccccc3c2=O)c1	random
P0DMS8	COc1cccc(C(=O)CN2C(=O)C=C(C)OS2(=O)=O)c1	random
P0DMS8	COc1cccc(C(C)NC(=O)c2ccc(-c3cn[nH]c3)c(Cl)c2)c1	random
P0DMS8	COc1cccc(C=C2SC(=O)NC2=O)c1N1CCCC(N)C1	random
P0DMS8	COc1cccc2c1C=[N+](c1cccc(C)c1)CC2	random
P0DMS8	COc1cccc2c1N(O)C(=O)C(N)C2	random
P0DMS8	COc1ccccc1CC1CNC(=NN(C)C)CN(CC(=O)Nc2cccc(-c3cnn(C)c3)c2)C1=O	random
P0DMS8	COc1ccccc1N1CCN(CCCn2ncc(=O)n(C)c2=O)CC1	random
P0DMS8	COc1ccccc1N1CCN(Cc2cnn(-c3ccccn3)c2)CC1	random
P0DMS8	COc1nc(NC2CCC(N)CC2)c(F)cc1C(N)=O	random
P0DMS8	CS(=O)(=O)Nc1ccc2ccc3ncc(-c4ccsc4)cc3c(=O)c2c1	random
P0DMS8	CS(=O)(=O)c1cccc(Oc2ccc(Cl)c(-n3cnc4c(C(F)(F)F)cccc43)c2)c1	random
P0DMS8	CSCCC(N)C(=O)NCC(=O)NC1CC(C(=O)NO)N(S(=O)(=O)c2ccc(C)cc2)C1	random
P0DMS8	CSc1nc2ccccn2c(=N)c1S(=O)(=O)c1ccc2ccccc2c1	random
P0DMS8	Cc1c(C(=O)c2c(Cl)cccc2Cl)c2ccccc2n1-c1ccc(C(=O)O)cc1	random
P0DMS8	Cc1c(O)c(=O)ccn1C	random
P0DMS8	Cc1cc(C)c2c(c1)NC(=O)NS2(=O)=O	random
P0DMS8	Cc1cc2c(cc1N1C(=O)c3cccc4c(N(C)CCN5CCCC5)ccc(c34)C1=O)n(C)c(=O)n2C	random
P0DMS8	Cc1cc2cc(NC(=NC#N)NC3CCCCN(CC(=O)N4CC5CC5C4)C3=O)ccc2o1	random
P0DMS8	Cc1ccc(-c2nn(-c3ccccc3)cc2C(=O)Nc2ccccc2)cc1	random
P0DMS8	Cc1ccc(-n2c(C)nc3ccc(C(=O)c4c(C)nn(C)c4O)cc3c2=O)c(Cl)c1	random
P0DMS8	Cc1ccc(C(=O)NC2CC2)cc1-c1cc2nnc(-c3ccc(F)cc3F)n2n(C)c1=O	random
P0DMS8	Cc1ccc(C2(C)CC(C)CC=C2C(=O)O)cc1C	random
P0DMS8	Cc1ccc(Cl)cc1-c1[nH]c(-c2ccnc(N)n2)cc1C(=O)N(C)C	random
P0DMS8	Cc1ccc(NC(=O)N2CCCC3(CCC(=O)N(CCC(C)C)C3)C2)cc1Cl	random
P0DMS8	Cc1ccc(NC(=O)c2cccc(-n3cc(NC(=O)Nc4ccc(F)cc4)cn3)c2)cn1	random
P0DMS8	Cc1ccc(Sc2cc(C(=O)N3Cc4ccccc4C3)c(O)cc2O)c(C)c1	random
P0DMS8	Cc1cccc(-c2ccc(COC(=O)N3CCCC3C(=O)NC(C#N)CC(N)=O)cc2)c1	random
P0DMS8	Cc1cccc(C)c1Nc1nc2cccc([N+](=O)[O-])c2n2cncc12	random
P0DMS8	Cc1cccc(F)c1Oc1cccc(F)c1OC1CCNCC1	random
P0DMS8	Cc1cccc2c(=O)[nH]c(-c3ccc(CN4CCN(C)CC4)cc3)cc12	random
P0DMS8	Cc1ccccc1N1CCN(C(=O)COc2ccc3[nH]cc(CCN)c3c2)CC1	random
P0DMS8	Cc1cn(-c2cc3c(c(C4CCC4)c2)C(=O)NCC3)c2c1C(=O)CC(C)(C)C2	random
P0DMS8	Cc1cn(C2CC(n3cc(CCCOc4ccc5ccc(=O)oc5c4)nn3)C(CO)O2)c(=O)[nH]c1=O	random
P0DMS8	Cc1cnc(Nc2ccc3c(c2)CN(C(=O)C=CC(=O)c2ccccc2)CC3)nc1-c1cnn(C(C)C)c1	random
P0DMS8	Cc1coc2cc(OCC(=O)Nc3cccc(NC(=O)c4ccc(N(C)C)cc4)c3)ccc2c1=O	random
P0DMS8	Cc1nc(C)c(COc2c(Cl)cc(-c3ccnc(N4CCNCC4)c3)cc2Cl)o1	random
P0DMS8	Cc1nc(N(C)C(=O)Cc2ccc(-c3ccccc3)cc2)sc1S(=O)(=O)NC1CC1	random
P0DMS8	Cc1nn(C)c2cc(N(C)c3ccnc(Nc4cccc(S(N)(=O)=O)c4)n3)ccc12	random
P0DMS8	Cc1nnc(NS(=O)(=O)c2ccc(NCc3cc(C(=O)O)cc(-c4ccc5c(c4)OCCO5)c3)cc2)s1	random
P0DMS8	Cc1nnc2n1-c1ccc(C(N)=O)cc1N(c1ccc(Cl)cc1)CC2C	random
P0DMS8	Clc1cccc(Nc2nnc(-c3c[nH]c4ccccc34)o2)c1	random
P0DMS8	Cn1c(=O)c2c(nc(SCc3ccc(Br)cc3)n2C)n(C)c1=O	random
P0DMS8	Cn1c(C[N+](C)(C)CC=CC(=O)Nc2ccc3ncnc(Nc4cccc(Br)c4)c3c2)ccc1[N+](=O)[O-]	random
P0DMS8	Cn1cc(-c2ccc(Oc3nccc(-c4cncnc4)n3)cc2)c2nc3ccccc3cc21	random
P0DMS8	Cn1cc(-c2cnc3ccc(NC(=O)Nc4ccccc4)nc3c2)cn1	random
P0DMS8	Cn1ccc2ncnc(Oc3ccc(NC(=S)Nc4ccccc4)cc3)c21	random
P0DMS8	FC(F)(F)c1cccc(Nc2nnc(-c3cccnc3CCc3ccncc3)o2)c1	random
P0DMS8	FC(F)(F)c1ccccc1Sc1ccc2nnc(-c3ccccc3)n2n1	random
P0DMS8	FC(F)Oc1ccc(-c2ccnc3cc(-c4cc(Cl)ccc4Cl)nn23)cc1OCC1CC1	random
P0DMS8	Fc1ccc(CNc2ccnc(-c3ccc4c(c3)OCO4)n2)cc1Br	random
P0DMS8	Fc1cccc(COc2ccc(Nc3ncncc3C#Cc3cccnc3)cc2Cl)c1	random
P0DMS8	Fc1cccc(Cl)c1Oc1ncccc1OC1CCNC1	random
P0DMS8	N#CN1CCCC(CCc2ccccc2)C1	random
P0DMS8	N#CNC1CCc2ccc(-c3ncnc4[nH]cc(-c5ccccc5)c34)cc21	random
P0DMS8	N#Cc1c(N)ncnc1N1CCCC1c1nc2cccc(Cl)c2c(=O)n1N1CCOCC1	random
P0DMS8	N#Cc1cc(S(=O)(=O)Nc2nccs2)ccc1Oc1ccc(-c2cc(C(F)(F)F)n[nH]2)cc1	random
P0DMS8	N#Cc1ccc(CN(C(=O)c2ccncc2)c2ncc(C(O)(C(F)(F)F)C(F)(F)F)s2)cc1	random
P0DMS8	N#Cc1ccccc1-c1ccc(CSc2nnc(-c3ccncc3)o2)cc1	random
P0DMS8	N#Cc1ncc2nc1OCCCCCCOc1ccc(Cl)cc1NC(=O)N2	random
P0DMS8	N=C(N)c1ccc(CNC(=O)C2CCc3c(Cl)nc(NC4CCC4)c(=O)n32)cc1	random
P0DMS8	N=C(N)c1ccc(Oc2cc(NS(=O)(=O)c3ccc(F)cc3)cc(Oc3ccc(C(=N)N)cc3)c2)cc1	random
P0DMS8	NC(=O)c1cccc2c1C(=O)N(CCO)C2	random
P0DMS8	NC(=O)c1cnc(NC2CCCNC2)c2cc(-c3cn[nH]c3)sc12	random
P0DMS8	NC(CC(=O)N1CCc2c(n[nH]c2C(F)(F)F)C1)Cc1cc(F)ccc1F	random
P0DMS8	NC(CC(=O)N1CCn2c(nnc2C(F)(F)F)C1)Cc1ccc(F)c(F)c1	random
P0DMS8	NC(COc1cncc(-c2ccc3c(c2)C(=Cc2ccc[nH]2)C(=O)N3)c1)Cc1ccccc1	random
P0DMS8	NC(CSC(c1ccccc1)(c1ccccc1)c1ccccc1)C(=O)O	random
P0DMS8	NC(Cc1ccc(I)cc1)C(=O)N1CCSC1	random
P0DMS8	NC1CCCN(c2cncc(-c3ccc4[nH]cc(-c5ccccc5F)c4c3)n2)C1	random
P0DMS8	NC1CN(c2nccc(-c3ccsc3)n2)CC1c1ccc(Cl)cc1Cl	random
P0DMS8	NCC1CCN(Cc2cc(Br)ccc2OCc2ccc(Cl)cc2)CC1	random
P0DMS8	NCC1CN(c2nc(N)nc3c2oc2ccc(Cl)cc23)C1	random
P0DMS8	NS(=O)(=O)c1cc(-c2nnc(-c3ccccc3)o2)c(Cl)cc1Cl	random
P0DMS8	NS(=O)(=O)c1cc(Cl)c(Nc2nc3ccncc3c3c(=O)[nH]ccc23)c(Cl)c1	random
P0DMS8	NS(=O)(=O)c1ccc(NC(=O)Cc2ccc(F)cc2)c(Cl)c1	random
P0DMS8	NS(=O)(=O)c1ccc(Nc2ccnc(N=Cc3coc4ccccc4c3=O)n2)cc1	random
P0DMS8	NS(=O)(=O)c1nc2ccc(N3C(=O)c4cccnc4C3=O)cc2s1	random
P0DMS8	Nc1cc(-c2cc(Cl)ccc2Oc2cc(F)c(S(=O)(=O)Nc3cccnn3)cc2Cl)ccn1	random
P0DMS8	Nc1ccc(-c2nc(N3CCOCC3)c3cccn3n2)cn1	random
P0DMS8	Nc1ccc2c(c1)C(=O)c1ccc(Nc3ccc(F)cc3N)cc1OC2	random
P0DMS8	Nc1cccc(C(c2cccnc2)C(O)c2cccnc2-c2cc(Cl)cc(Cl)c2)n1	random
P0DMS8	Nc1nc(-c2nccs2)c2sccc2n1	random
P0DMS8	Nc1nc(C(=O)NN=Cc2ccc([N+](=O)[O-])cc2)nn1-c1ccc(S(N)(=O)=O)cc1	random
P0DMS8	Nc1nccn2c(C3CCC(C(=O)N4CCCCC4)CC3)nc(-c3cccc(OCc4ccccc4)c3)c12	random
P0DMS8	Nc1ncnc2c1sc1cc(-c3ccccc3)ccc12	random
P0DMS8	Nc1nnc2cc(-c3ccc4ccccc4c3)ccc2n1	random
P0DMS8	Nc1nonc1-c1nc2cnccc2n1-c1ccccc1	random
P0DMS8	Nc1onc(-c2ccc(Cl)cc2)c1C(=O)Nc1ccc(S(N)(=O)=O)cc1	random
P0DMS8	Nc1onc(CCC(=O)O)c1-c1ccc(C(O)(C(F)(F)F)C(F)(F)F)cc1	random
P0DMS8	Nn1c(COc2ccc(Cl)cc2Cl)nnc1SCC(=O)Nc1nc2ccc(S(N)(=O)=O)cc2s1	random
P0DMS8	O=C(C=Cc1cc(Cl)ccc1-n1cnnn1)NC(Cc1ccccc1)C(=O)Nc1ccc(-c2n[nH]c(=O)o2)cc1	random
P0DMS8	O=C(C=Cc1ccc(O)cc1)c1ccc2c(c1O)C(C(=O)c1ccc(O)cc1O)C(c1ccc(O)cc1)O2	random
P0DMS8	O=C(C=Cc1cccc([N+](=O)[O-])c1)NNC(=O)c1ccc2c(c1)OCCO2	random
P0DMS8	O=C(C=Cc1ccccc1Cc1ccc2ccccc2c1)NS(=O)(=O)c1cccs1	random
P0DMS8	O=C(C=Cc1cnc2[nH]cc(-c3ccccc3)c2c1)NCc1nc2ccccc2[nH]1	random
P0DMS8	O=C(CC(Nc1ccc([N+](=O)[O-])cc1)c1cccc(F)c1)c1ccc(-c2ccccc2)cc1	random
P0DMS8	O=C(CC12CCC(C(=O)O)(CC1)C2)N1CCc2c(n(Cc3ccc(F)cc3F)c3ncccc23)C1	random
P0DMS8	O=C(CC1CCC(c2ccc(C(=O)Nc3nnc(Cc4ccccc4)s3)cc2)CC1)NCCN1CCOCC1	random
P0DMS8	O=C(CCCCCCC(=O)Nc1ccc(Nc2ncc3ncn(C4CCCC4)c3n2)cc1)NO	random
P0DMS8	O=C(CCCCCCN(Cc1ccc(F)cc1)c1ncc(C(=O)NCCCn2ccnc2)s1)NO	random
P0DMS8	O=C(Cn1cc(F)c(=O)[nH]c1=O)Oc1ccc2ccc(=O)oc2c1	random
P0DMS8	O=C(N1CCC(Cc2ccccc2)CC1)n1nnc2ccccc21	random
P0DMS8	O=C(NC(c1ccc(Cl)cc1)c1ccnc(F)c1)C1CCC(N2CCOCC2)CC1c1ccc(Br)cc1	random
P0DMS8	O=C(NC1CNCCC1OC(=O)c1cc(O)c(C(=O)c2c(O)cccc2C(=O)O)c(O)c1)c1ccc(O)cc1	random
P0DMS8	O=C(NCC12CC3CC(CC(C3)C1)C2)c1cc(CCCNCCCO)ccc1Cl	random
P0DMS8	O=C(NCCn1ccc2ncnc(Nc3ccc(Oc4cccc5sncc45)c(Cl)c3)c21)C1CCCN1	random
P0DMS8	O=C(NO)c1ccc(CN2CC3(CCCCC3)c3ccccc32)cc1	random
P0DMS8	O=C(Nc1ccc(Cl)cc1)c1cccc2cc(Oc3ccncc3)ccc12	random
P0DMS8	O=C(Nc1ccc2c(c1)CCC2)C1CCCN(c2cc(C(F)(F)F)nc3ncnn23)C1	random
P0DMS8	O=C(Nc1ccccc1N1CCC(CO)CC1)c1ccc([N+](=O)[O-])o1	random
P0DMS8	O=C(Nc1cnc(-n2nccn2)c(Cl)c1)Nc1cncc2ccccc12	random
P0DMS8	O=C(O)C(CS)C1CCCNC1	random
P0DMS8	O=C(O)CCC(=O)Nc1n[nH]c2cc(Cl)ccc12	random
P0DMS8	O=C(O)CCc1sc(C=C2NC(=O)CS2)nc1-c1ccc(Br)cn1	random
P0DMS8	O=C(O)CN1CCC(Nc2nc(-c3ccccc3)nc3c2CS(=O)(=O)C3)CC1	random
P0DMS8	O=C(O)c1cc(-c2cccc(Cc3ccccc3)c2)ccc1O	random
P0DMS8	O=C(O)c1ccccc1-c1ccc(CS)cc1C(=O)O	random
P0DMS8	O=C(O)c1csc(-n2nc(-c3ccccc3)c(C(F)(F)F)c2-c2ccccc2)n1	random
P0DMS8	O=C(c1ccc(F)cc1Cl)N1CCN(c2ccccc2Cl)C(=O)C1	random
P0DMS8	O=C(c1ccc2c(c1)OCCO2)C1CCN(C(=O)c2cccc(O)c2)CC1	random
P0DMS8	O=C(c1cccc2ccnn12)N1CCN(CCc2ccc(F)cc2F)CC1	random
P0DMS8	O=C1C(NS(=O)(=O)c2ccc(Oc3ccc(C(F)(F)F)cc3)cc2)CC=CCN1O	random
P0DMS8	O=C1CC(NC(=O)C2COCC3CC=CCC(NC(=O)c4nccc5ccccc45)C(=O)N32)C(O)O1	random
P0DMS8	O=C1Cc2cc(Br)ccc2C1=c1[nH]c2ccccc2c1=CO	random
P0DMS8	O=C1Cc2ccc(-c3cccc(Cl)c3)cc2C(=O)N1	random
P0DMS8	O=C1NC(=O)c2c1c(-c1ccccc1Cl)cc1c2c2cc(O)ccc2n1CC(O)CO	random
P0DMS8	O=C1c2[nH]c3cc(-c4ccco4)nn3c(=O)c2CN1Cc1ccccc1	random
P0DMS8	O=C1c2ccc(F)cc2CC1CCN1CCCN(c2ccc(Cl)cn2)CC1	random
P0DMS8	O=C1c2ccc(O)cc2C(=O)N1c1ccc(O)cc1	random
P0DMS8	O=C1c2ccccc2CN1C1CCN(CC(O)COc2cccc(C(F)(F)F)c2)CC1	random
P0DMS8	O=c1[nH]c(-c2ccc(O)cc2)nc2ccccc12	random
P0DMS8	O=c1[nH]c(CN2CCC2)nc2c1oc1ccc(Br)cc12	random
P0DMS8	O=c1c(-c2c(O)cc(O)c3c(=O)cc(-c4ccc(O)cc4)oc23)c(-c2ccc(O)cc2)oc2cc(O)cc(O)c12	random
P0DMS8	O=c1cc(-c2ccc(Cl)cc2)oc2ccccc12	random
P0DMS8	O=c1nc2n(-c3ccc(O)cc3)c3cc(Cl)ccc3cc-2c(=O)[nH]1	random
P0DMS8	OC1(c2ccc(F)c(F)c2)CCNCC1c1cc(-c2c(Cl)cccc2Cl)on1	random
P0DMS8	OCc1cc(CN2CCN(c3ccccc3Oc3ccccc3)CC2)on1	random
P0DMS8	Oc1cc(-c2[nH]cnc2-c2ccncc2)ccc1Cl	random
P0DMS8	Oc1cccc(-c2nc(N3CCOCC3)c3cc[nH]c3n2)c1	random
